league_id,season,team_id,team_name,team_code,team_country,team_founded,team_national,team_logo,venue_id,venue_name,venue_address,venue_city,venue_capacity,venue_surface,venue_image
140,2024,529,Barcelona,BAR,Spain,1899.0,False,https://media.api-sports.io/football/teams/529.png,19939.0,Camp Nou,"Les Corts, 08028",Barcelona,55926.0,grass,https://media.api-sports.io/football/venues/19939.png
140,2024,530,Atletico Madrid,MAD,Spain,1903.0,False,https://media.api-sports.io/football/teams/530.png,19217.0,Estádio Cívitas Metropolitano,Rosas,Madrid,70460.0,grass,https://media.api-sports.io/football/venues/19217.png
140,2024,531,Athletic Club,BIL,Spain,1898.0,False,https://media.api-sports.io/football/teams/531.png,1460.0,San Mamés Barria,Rafael Moreno Pitxitxi Kalea,Bilbao,53289.0,grass,https://media.api-sports.io/football/venues/1460.png
140,2024,532,Valencia,VAL,Spain,1919.0,False,https://media.api-sports.io/football/teams/532.png,1497.0,Estadio de Mestalla,Avenida de Suecia,Valencia,55000.0,grass,https://media.api-sports.io/football/venues/1497.png
140,2024,533,Villarreal,VIL,Spain,1923.0,False,https://media.api-sports.io/football/teams/533.png,1498.0,Estadio de la Cerámica,Plaza Labrador,Villarreal,24500.0,grass,https://media.api-sports.io/football/venues/1498.png
140,2024,534,Las Palmas,PAL,Spain,1949.0,False,https://media.api-sports.io/football/teams/534.png,1481.0,Estadio de Gran Canaria,Avenida Pío XII 29,Las Palmas de Gran Canaria,32392.0,grass,https://media.api-sports.io/football/venues/1481.png
140,2024,536,Sevilla,SEV,Spain,1890.0,False,https://media.api-sports.io/football/teams/536.png,1494.0,Estadio Ramón Sánchez Pizjuán,Avenida de Eduardo Dato,Sevilla,48649.0,grass,https://media.api-sports.io/football/venues/1494.png
140,2024,537,Leganes,LEG,Spain,1928.0,False,https://media.api-sports.io/football/teams/537.png,1464.0,Estadio Municipal de Butarque,Calle Arquitectura,Leganés,12450.0,grass,https://media.api-sports.io/football/venues/1464.png
140,2024,538,Celta Vigo,CEL,Spain,1923.0,False,https://media.api-sports.io/football/teams/538.png,1467.0,Abanca-Balaídos,Avenida de Balaídos,Vigo,31800.0,grass,https://media.api-sports.io/football/venues/1467.png
140,2024,540,Espanyol,ESP,Spain,1900.0,False,https://media.api-sports.io/football/teams/540.png,20421.0,Stage Front Stadium,Avenida Baix Llobregat 100,Cornella de Llobregat,40423.0,grass,https://media.api-sports.io/football/venues/20421.png
140,2024,541,Real Madrid,REA,Spain,1902.0,False,https://media.api-sports.io/football/teams/541.png,1456.0,Estadio Santiago Bernabéu,"Avenida de Concha Espina 1, Chamartín",Madrid,85454.0,grass,https://media.api-sports.io/football/venues/1456.png
140,2024,542,Alaves,ALA,Spain,1921.0,False,https://media.api-sports.io/football/teams/542.png,1470.0,Estadio de Mendizorroza,Paseo de Cervantes,Vitoria-Gasteiz,19840.0,grass,https://media.api-sports.io/football/venues/1470.png
140,2024,543,Real Betis,BET,Spain,1907.0,False,https://media.api-sports.io/football/teams/543.png,1489.0,Estadio Benito Villamarín,Avenida de Heliópolis,Sevilla,60721.0,grass,https://media.api-sports.io/football/venues/1489.png
140,2024,546,Getafe,GET,Spain,1983.0,False,https://media.api-sports.io/football/teams/546.png,20422.0,Estadio Coliseum,Avenida de Teresa de Calcuta,Getafe,17393.0,grass,https://media.api-sports.io/football/venues/20422.png
140,2024,547,Girona,GIR,Spain,1930.0,False,https://media.api-sports.io/football/teams/547.png,1478.0,Estadi Municipal de Montilivi,Avenida Montlivi 141,Girona,14500.0,grass,https://media.api-sports.io/football/venues/1478.png
140,2024,548,Real Sociedad,RSO,Spain,1909.0,False,https://media.api-sports.io/football/teams/548.png,1491.0,Reale Arena,Paseo de Anoeta 1,Donostia-San Sebastián,40000.0,grass,https://media.api-sports.io/football/venues/1491.png
140,2024,720,Valladolid,VAL,Spain,1928.0,False,https://media.api-sports.io/football/teams/720.png,1492.0,Estadio Municipal José Zorrilla,Avenida del Mundial 82,Valladolid,26512.0,grass,https://media.api-sports.io/football/venues/1492.png
140,2024,727,Osasuna,OSA,Spain,1920.0,False,https://media.api-sports.io/football/teams/727.png,1486.0,Estadio El Sadar,Carretera El Sadar,Iruñea,23576.0,grass,https://media.api-sports.io/football/venues/1486.png
140,2024,728,Rayo Vallecano,RAY,Spain,1924.0,False,https://media.api-sports.io/football/teams/728.png,1488.0,Estadio de Vallecas,Calle Payaso Fofó,Madrid,15500.0,grass,https://media.api-sports.io/football/venues/1488.png
140,2024,798,Mallorca,MAL,Spain,1916.0,False,https://media.api-sports.io/football/teams/798.png,19940.0,Estadi Mallorca Son Moix,Camí dels Reis,Palma de Mallorca,23142.0,grass,https://media.api-sports.io/football/venues/19940.png
128,2024,434,Gimnasia L.P.,GIM,Argentina,1887.0,False,https://media.api-sports.io/football/teams/434.png,77.0,Estadio Juan Carmelo Zerillo,Avenida 60 y 118,"La Plata, Provincia de Buenos Aires",24544.0,grass,https://media.api-sports.io/football/venues/77.png
128,2024,435,River Plate,RIV,Argentina,1901.0,False,https://media.api-sports.io/football/teams/435.png,19570.0,Estadio Mâs Monumental,"Avenida Presidente José Figueroa Alcorta 7597, Núñez","Capital Federal, Ciudad de Buenos Aires",83214.0,grass,https://media.api-sports.io/football/venues/19570.png
128,2024,436,Racing Club,RAC,Argentina,1903.0,False,https://media.api-sports.io/football/teams/436.png,99.0,Estadio Presidente Juan Domingo Perón,Calle Mozart y Orestes Omar Corbatta,"Avellaneda, Provincia de Buenos Aires",51500.0,grass,https://media.api-sports.io/football/venues/99.png
128,2024,437,Rosario Central,ROS,Argentina,1889.0,False,https://media.api-sports.io/football/teams/437.png,19391.0,Estadio Gigante de Arroyito,"Avenida Génova y Avenida Centenario Rosario Central, Arroyito","Rosario, Provincia de Santa Fe",41654.0,grass,https://media.api-sports.io/football/venues/19391.png
128,2024,438,Velez Sarsfield,VEL,Argentina,1910.0,False,https://media.api-sports.io/football/teams/438.png,115.0,Estadio José Amalfitani,"Avenida Juan B. Justo 9200, Liniers","Capital Federal, Ciudad de Buenos Aires",49747.0,grass,https://media.api-sports.io/football/venues/115.png
128,2024,439,Godoy Cruz,GOD,Argentina,1921.0,False,https://media.api-sports.io/football/teams/439.png,80.0,Estadio Malvinas Argentinas,Calle San Francisco De Asis y Boulogne Sur Mer Mendoza,"Mendoza, Provincia de Mendoza",40268.0,grass,https://media.api-sports.io/football/venues/80.png
128,2024,440,Belgrano Cordoba,BEL,Argentina,1905.0,False,https://media.api-sports.io/football/teams/440.png,45.0,Estadio Julio César Villagra,"Calle Dr. Arturo Orgaz 510 y La Rioja, Barrio Alberdi","Ciudad de Córdoba, Provincia de Córdoba",28000.0,grass,https://media.api-sports.io/football/venues/45.png
128,2024,441,Union Santa Fe,UNI,Argentina,1907.0,False,https://media.api-sports.io/football/teams/441.png,1933.0,Estadio 15 de Abril,Bulevar Pellegrini y Avenida Vicente López y Planes 3513,"Ciudad de Santa Fe, Provincia de Santa Fe",27000.0,grass,https://media.api-sports.io/football/venues/1933.png
128,2024,442,Defensa Y Justicia,DEF,Argentina,1935.0,False,https://media.api-sports.io/football/teams/442.png,59.0,Estadio Norberto Tito Tomaghello,Avenida Humahuaca y Calle 611,"Florencio Varela, Provincia de Buenos Aires",20000.0,grass,https://media.api-sports.io/football/venues/59.png
128,2024,445,Huracan,HUR,Argentina,1908.0,False,https://media.api-sports.io/football/teams/445.png,82.0,Estadio Tomás Adolfo Ducó,"Avenida Amancio Alcorta 2570, Parque Patricios","Capital Federal, Ciudad de Buenos Aires",48314.0,grass,https://media.api-sports.io/football/venues/82.png
128,2024,446,Lanus,LAN,Argentina,1915.0,False,https://media.api-sports.io/football/teams/446.png,88.0,Estadio Ciudad de Lanús - Néstor Díaz Pérez,Calle General J. Arias y J. Héctor Guidi,"Lanús, Provincia de Buenos Aires",46619.0,grass,https://media.api-sports.io/football/venues/88.png
128,2024,449,Banfield,BAN,Argentina,1896.0,False,https://media.api-sports.io/football/teams/449.png,43.0,Estadio Florencio Solá,Calle General Arenales y Peña,"Lomas de Zamora, Provincia de Buenos Aires",34901.0,grass,https://media.api-sports.io/football/venues/43.png
128,2024,450,Estudiantes L.P.,EST,Argentina,1905.0,False,https://media.api-sports.io/football/teams/450.png,12716.0,Estadio Único Diego Armando Maradona,Avenida 25 y 32,"La Plata, Provincia de Buenos Aires",53000.0,grass,https://media.api-sports.io/football/venues/12716.png
128,2024,451,Boca Juniors,BOC,Argentina,1905.0,False,https://media.api-sports.io/football/teams/451.png,46.0,Estadio Alberto José Armando,"Brandsen 805, La Boca",Ciudad de Buenos Aires,49000.0,grass,https://media.api-sports.io/football/venues/46.png
128,2024,452,Tigre,TIG,Argentina,1902.0,False,https://media.api-sports.io/football/teams/452.png,112.0,Estadio José Dellagiovanna,"Avenida Presidente Perón 2650 esq. Guido Spano 1053, Victoria","San Fernando, Provincia de Buenos Aires",26282.0,grass,https://media.api-sports.io/football/venues/112.png
128,2024,453,Independiente,IND,Argentina,1905.0,False,https://media.api-sports.io/football/teams/453.png,7131.0,Estadio Libertadores de América,Calle Ricardo Enrique Bochini 751/83 esq. Alsina,"Avellaneda, Provincia de Buenos Aires",52364.0,grass,https://media.api-sports.io/football/venues/7131.png
128,2024,455,Atletico Tucuman,TUC,Argentina,1902.0,False,https://media.api-sports.io/football/teams/455.png,42.0,Estadio Monumental Presidente José Fierro,"25 de Mayo 1351 y República de Chile, Barrio Norte","San Miguel de Tucumán, Provincia de Tucumán",35200.0,grass,https://media.api-sports.io/football/venues/42.png
128,2024,456,Talleres Cordoba,TAL,Argentina,1913.0,False,https://media.api-sports.io/football/teams/456.png,110.0,Estadio Mario Alberto Kempes,"Avenida Cárcano, Chateau Carreras","Ciudad de Córdoba, Provincia de Córdoba",57503.0,grass,https://media.api-sports.io/football/venues/110.png
128,2024,457,Newells Old Boys,NEW,Argentina,1903.0,False,https://media.api-sports.io/football/teams/457.png,93.0,Estadio Marcelo Alberto Bielsa,"Parque de la Independencia, Barrio Centro","Rosario, Provincia de Santa Fe",42000.0,grass,https://media.api-sports.io/football/venues/93.png
128,2024,458,Argentinos JRS,ARG,Argentina,1904.0,False,https://media.api-sports.io/football/teams/458.png,37.0,Estadio Diego Armando Maradona,"Calle Gavilán 2151 y Juan Agustín García, La Paternal","Capital Federal, Ciudad de Buenos Aires",24380.0,grass,https://media.api-sports.io/football/venues/37.png
128,2024,460,San Lorenzo,LOR,Argentina,1908.0,False,https://media.api-sports.io/football/teams/460.png,103.0,Estadio Pedro Bidegaín,Avenida Perito Moreno y Avenida Varela 1437,"Capital Federal, Ciudad de Buenos Aires",43494.0,grass,https://media.api-sports.io/football/venues/103.png
128,2024,473,Independ. Rivadavia,RIV,Argentina,1913.0,False,https://media.api-sports.io/football/teams/473.png,83.0,Estadio Juan Bautista Gargantini,"Avenida Boulogne Sur Mer 788, San Martín","Mendoza, Provincia de Mendoza",16000.0,grass,https://media.api-sports.io/football/venues/83.png
128,2024,474,Sarmiento Junin,SAR,Argentina,1911.0,False,https://media.api-sports.io/football/teams/474.png,107.0,Estadio Eva Perón de Junín,Calle Arias y  Necochea 25,"Junín, Provincia de Buenos Aires",22000.0,grass,https://media.api-sports.io/football/venues/107.png
128,2024,476,Deportivo Riestra,RIE,Argentina,1931.0,False,https://media.api-sports.io/football/teams/476.png,66.0,Estadio Guillermo Laza,"Avenida Varela y Ana María Janer 2651, Flores","Capital Federal, Ciudad de Buenos Aires",3000.0,grass,https://media.api-sports.io/football/venues/66.png
128,2024,478,Instituto Cordoba,INS,Argentina,1918.0,False,https://media.api-sports.io/football/teams/478.png,84.0,Estadio Juan Domingo Perón,"Calle Jujuy 2602 y Lope de Vega, Alta Córdoba","Ciudad de Córdoba, Provincia de Córdoba",26535.0,grass,https://media.api-sports.io/football/venues/84.png
128,2024,1064,Platense,PLA,Argentina,1905.0,False,https://media.api-sports.io/football/teams/1064.png,97.0,Estadio Ciudad de Vicente López,"Calle Juan Zufriategui 2021 (Avenida General Paz), Florida","Vicente López, Provincia de Buenos Aires",31030.0,grass,https://media.api-sports.io/football/venues/97.png
128,2024,1065,Central Cordoba de Santiago,,Argentina,1919.0,False,https://media.api-sports.io/football/teams/1065.png,2997.0,Estadio Alfredo Terrera,Calle Granadero Saavedra,"Santiago del Estero, Provincia de Santiago del Est",16000.0,grass,https://media.api-sports.io/football/venues/2997.png
128,2024,2432,Barracas Central,BAR,Argentina,1904.0,False,https://media.api-sports.io/football/teams/2432.png,44.0,Estadio Claudio Fabián Tapia,"Avenida Olavaría 3400 y Luna, Bairro Barracas","Capital Federal, Ciudad de Buenos Aires",4400.0,grass,https://media.api-sports.io/football/venues/44.png
61,2024,77,Angers,ANG,France,1919.0,False,https://media.api-sports.io/football/teams/77.png,634.0,Stade Raymond-Kopa,"73, boulevard Pierre de Coubertin",Angers,19000.0,grass,https://media.api-sports.io/football/venues/634.png
61,2024,79,Lille,LIL,France,1944.0,False,https://media.api-sports.io/football/teams/79.png,19207.0,Decathlon Arena – Stade Pierre-Mauroy,"261, Boulevard de Tournai, l&apos;Hôtel de Ville",Villeneuve d&apos;Ascq,50083.0,grass,https://media.api-sports.io/football/venues/19207.png
61,2024,80,Lyon,LYO,France,1950.0,False,https://media.api-sports.io/football/teams/80.png,666.0,Groupama Stadium,Chemin du Montout,Décines-Charpieu,61556.0,grass,https://media.api-sports.io/football/venues/666.png
61,2024,81,Marseille,MAR,France,1899.0,False,https://media.api-sports.io/football/teams/81.png,12678.0,Stade Orange Vélodrome,"3, boulevard Michelet",Marseille,67394.0,grass,https://media.api-sports.io/football/venues/12678.png
61,2024,82,Montpellier,MON,France,1974.0,False,https://media.api-sports.io/football/teams/82.png,20107.0,Stade de la Mosson-Mondial 98,Avenue de Heidelberg,Montpellier,32939.0,grass,https://media.api-sports.io/football/venues/20107.png
61,2024,83,Nantes,NAN,France,1943.0,False,https://media.api-sports.io/football/teams/83.png,662.0,Stade de la Beaujoire - Louis Fonteneau,"5, boulevard de la Beaujoire",Nantes,38285.0,grass,https://media.api-sports.io/football/venues/662.png
61,2024,84,Nice,NIC,France,1904.0,False,https://media.api-sports.io/football/teams/84.png,663.0,Allianz Riviera,Boulevard des Jardiniers,Nice,35624.0,grass,https://media.api-sports.io/football/venues/663.png
61,2024,85,Paris Saint Germain,PAR,France,1970.0,False,https://media.api-sports.io/football/teams/85.png,671.0,Parc des Princes,"24, rue du Commandant Guilbaud",Paris,47929.0,grass,https://media.api-sports.io/football/venues/671.png
61,2024,91,Monaco,MON,France,1919.0,False,https://media.api-sports.io/football/teams/91.png,20470.0,Stade Louis-II,"7, avenue des Castelans",Monaco,18523.0,grass,https://media.api-sports.io/football/venues/20470.png
61,2024,93,Reims,REI,France,1909.0,False,https://media.api-sports.io/football/teams/93.png,22707.0,Stade Auguste-Delaune,"33, Chaussée Bocquaine",Reims,21684.0,grass,https://media.api-sports.io/football/venues/22707.png
61,2024,94,Rennes,REN,France,1901.0,False,https://media.api-sports.io/football/teams/94.png,680.0,Roazhon Park,"111, route de Lorient",Rennes,31127.0,grass,https://media.api-sports.io/football/venues/680.png
61,2024,95,Strasbourg,STR,France,1906.0,False,https://media.api-sports.io/football/teams/95.png,681.0,Stade de la Meinau,"12, rue de l&apos;Extenwoerth",Strasbourg,26109.0,grass,https://media.api-sports.io/football/venues/681.png
61,2024,96,Toulouse,TOU,France,1937.0,False,https://media.api-sports.io/football/teams/96.png,682.0,Stadium de Toulouse,"1, allée Gabriel Biènés",Toulouse,33150.0,grass,https://media.api-sports.io/football/venues/682.png
61,2024,106,Stade Brestois 29,BRE,France,1950.0,False,https://media.api-sports.io/football/teams/106.png,641.0,Stade Francis-Le Blé,"26, rue de Quimper",Brest,15931.0,grass,https://media.api-sports.io/football/venues/641.png
61,2024,108,Auxerre,AUX,France,1905.0,False,https://media.api-sports.io/football/teams/108.png,636.0,Stade de l'Abbé Deschamps,Route de Vaux,Auxerre,23467.0,grass,https://media.api-sports.io/football/venues/636.png
61,2024,111,Le Havre,HAV,France,1872.0,False,https://media.api-sports.io/football/teams/111.png,652.0,Stade Océane,Boulevard de Léningrad,Le Havre,25178.0,grass,https://media.api-sports.io/football/venues/652.png
61,2024,112,Metz,MET,France,1932.0,False,https://media.api-sports.io/football/teams/112.png,658.0,Stade Saint-Symphorien,"3, allée Saint-Symphorien",Longeville-lès-Metz,30000.0,grass,https://media.api-sports.io/football/venues/658.png
61,2024,116,Lens,LEN,France,1906.0,False,https://media.api-sports.io/football/teams/116.png,654.0,Stade Bollaert-Delelis,"83, rue Maurice-Carton",Lens,41233.0,grass,https://media.api-sports.io/football/venues/654.png
61,2024,1063,Saint Etienne,ETI,France,1920.0,False,https://media.api-sports.io/football/teams/1063.png,676.0,Stade Geoffroy-Guichard,"14, rue Pierre et Paul Guichard",Saint-Ètienne,41965.0,grass,https://media.api-sports.io/football/venues/676.png
39,2024,33,Manchester United,MUN,England,1878.0,False,https://media.api-sports.io/football/teams/33.png,556.0,Old Trafford,Sir Matt Busby Way,Manchester,76212.0,grass,https://media.api-sports.io/football/venues/556.png
39,2024,34,Newcastle,NEW,England,1892.0,False,https://media.api-sports.io/football/teams/34.png,562.0,St. James' Park,St. James&apos; Street,Newcastle upon Tyne,52758.0,grass,https://media.api-sports.io/football/venues/562.png
39,2024,35,Bournemouth,BOU,England,1899.0,False,https://media.api-sports.io/football/teams/35.png,504.0,Vitality Stadium,"Dean Court, Kings Park","Bournemouth, Dorset",12000.0,grass,https://media.api-sports.io/football/venues/504.png
39,2024,36,Fulham,FUL,England,1879.0,False,https://media.api-sports.io/football/teams/36.png,535.0,Craven Cottage,Stevenage Road,London,29589.0,grass,https://media.api-sports.io/football/venues/535.png
39,2024,39,Wolves,WOL,England,1877.0,False,https://media.api-sports.io/football/teams/39.png,600.0,Molineux Stadium,Waterloo Road,"Wolverhampton, West Midlands",34624.0,grass,https://media.api-sports.io/football/venues/600.png
39,2024,40,Liverpool,LIV,England,1892.0,False,https://media.api-sports.io/football/teams/40.png,550.0,Anfield,Anfield Road,Liverpool,61276.0,grass,https://media.api-sports.io/football/venues/550.png
39,2024,41,Southampton,SOU,England,1885.0,False,https://media.api-sports.io/football/teams/41.png,585.0,St. Mary's Stadium,Britannia Road,"Southampton, Hampshire",32689.0,grass,https://media.api-sports.io/football/venues/585.png
39,2024,42,Arsenal,ARS,England,1886.0,False,https://media.api-sports.io/football/teams/42.png,494.0,Emirates Stadium,Hornsey Road,London,60383.0,grass,https://media.api-sports.io/football/venues/494.png
39,2024,45,Everton,EVE,England,1878.0,False,https://media.api-sports.io/football/teams/45.png,22033.0,Hill Dickinson Stadium,"35 Regent Road, Bramley-Moore Dock, Vauxhall","Liverpool, Merseyside",52888.0,grass,https://media.api-sports.io/football/venues/22033.png
39,2024,46,Leicester,LEI,England,1884.0,False,https://media.api-sports.io/football/teams/46.png,547.0,King Power Stadium,Filbert Way,"Leicester, Leicestershire",34310.0,grass,https://media.api-sports.io/football/venues/547.png
39,2024,47,Tottenham,TOT,England,1882.0,False,https://media.api-sports.io/football/teams/47.png,593.0,Tottenham Hotspur Stadium,"Bill Nicholson Way, 748 High Road",London,62850.0,grass,https://media.api-sports.io/football/venues/593.png
39,2024,48,West Ham,WES,England,1895.0,False,https://media.api-sports.io/football/teams/48.png,598.0,London Stadium,"Marshgate Lane, Stratford",London,64472.0,grass,https://media.api-sports.io/football/venues/598.png
39,2024,49,Chelsea,CHE,England,1905.0,False,https://media.api-sports.io/football/teams/49.png,519.0,Stamford Bridge,Fulham Road,London,41841.0,grass,https://media.api-sports.io/football/venues/519.png
39,2024,50,Manchester City,MCI,England,1880.0,False,https://media.api-sports.io/football/teams/50.png,555.0,Etihad Stadium,Rowsley Street,Manchester,55097.0,grass,https://media.api-sports.io/football/venues/555.png
39,2024,51,Brighton,BRI,England,1901.0,False,https://media.api-sports.io/football/teams/51.png,508.0,American Express Stadium,Village Way,"Falmer, East Sussex",31872.0,grass,https://media.api-sports.io/football/venues/508.png
39,2024,52,Crystal Palace,CRY,England,1861.0,False,https://media.api-sports.io/football/teams/52.png,525.0,Selhurst Park,Holmesdale Road,London,26309.0,grass,https://media.api-sports.io/football/venues/525.png
39,2024,55,Brentford,BRE,England,1889.0,False,https://media.api-sports.io/football/teams/55.png,10503.0,Gtech Community Stadium,"166 Lionel Rd N, Brentford","Brentford, Middlesex",17250.0,grass,https://media.api-sports.io/football/venues/10503.png
39,2024,57,Ipswich,IPS,England,1878.0,False,https://media.api-sports.io/football/teams/57.png,545.0,Portman Road,Portman Road,"Ipswich, Suffolk",30311.0,grass,https://media.api-sports.io/football/venues/545.png
39,2024,65,Nottingham Forest,NOT,England,1865.0,False,https://media.api-sports.io/football/teams/65.png,566.0,The City Ground,Pavilion Road,"Nottingham, Nottinghamshire",30576.0,grass,https://media.api-sports.io/football/venues/566.png
39,2024,66,Aston Villa,AST,England,1874.0,False,https://media.api-sports.io/football/teams/66.png,495.0,Villa Park,Trinity Road,Birmingham,42824.0,grass,https://media.api-sports.io/football/venues/495.png
71,2024,118,Bahia,BAH,Brazil,1931.0,False,https://media.api-sports.io/football/teams/118.png,216.0,Arena Fonte Nova,"Rua Lions Club, Nazaré","Salvador, Bahia",56500.0,grass,https://media.api-sports.io/football/venues/216.png
71,2024,119,Internacional,INT,Brazil,1909.0,False,https://media.api-sports.io/football/teams/119.png,244.0,Estádio José Pinheiro Borda,"Avenida Padre Cacique 891, Bairro Menino Deus","Porto Alegre, Rio Grande do Sul",50128.0,grass,https://media.api-sports.io/football/venues/244.png
71,2024,120,Botafogo,BOT,Brazil,1904.0,False,https://media.api-sports.io/football/teams/120.png,218.0,Estádio Nilton Santos,"Rua Arquias Cordeiro, Engenho de Dentro",Rio de Janeiro,46931.0,grass,https://media.api-sports.io/football/venues/218.png
71,2024,121,Palmeiras,PAL,Brazil,1914.0,False,https://media.api-sports.io/football/teams/121.png,258.0,Allianz Parque,"Rua Turiaçu 1840, Perdizes","São Paulo, São Paulo",43713.0,grass,https://media.api-sports.io/football/venues/258.png
71,2024,124,Fluminense,FLU,Brazil,1902.0,False,https://media.api-sports.io/football/teams/124.png,204.0,Estadio Jornalista Mário Filho (Maracanã),"Rua Professor Eurico Rabelo, Maracanã","Rio de Janeiro, Rio de Janeiro",78838.0,grass,https://media.api-sports.io/football/venues/204.png
71,2024,126,Sao Paulo,PAU,Brazil,1930.0,False,https://media.api-sports.io/football/teams/126.png,269.0,Estádio Cícero Pompeu de Toledo (Morumbi),"Praca Roberto Gomes Pedrosa 1, Morumbi","São Paulo, São Paulo",66795.0,grass,https://media.api-sports.io/football/venues/269.png
71,2024,127,Flamengo,FLA,Brazil,1895.0,False,https://media.api-sports.io/football/teams/127.png,204.0,Estadio Jornalista Mário Filho (Maracanã),"Rua Professor Eurico Rabelo, Maracanã","Rio de Janeiro, Rio de Janeiro",78838.0,grass,https://media.api-sports.io/football/venues/204.png
71,2024,130,Gremio,GRE,Brazil,1903.0,False,https://media.api-sports.io/football/teams/130.png,241.0,Arena do Grêmio,Bairro Humaitá,"Porto Alegre, Rio Grande do Sul",60540.0,grass,https://media.api-sports.io/football/venues/241.png
71,2024,131,Corinthians,COR,Brazil,1910.0,False,https://media.api-sports.io/football/teams/131.png,11531.0,Neo Química Arena,"Avenida Miguel Inácio Curi, 111, Vila Carmosina, Itaquera","São Paulo, São Paulo",49205.0,grass,https://media.api-sports.io/football/venues/11531.png
71,2024,133,Vasco DA Gama,VAS,Brazil,1898.0,False,https://media.api-sports.io/football/teams/133.png,19377.0,Estádio São Januário,"Rua Gal Almério de Moura 131, Bairro Vasco da Gama","Rio de Janeiro, Rio de Janeiro",24584.0,grass,https://media.api-sports.io/football/venues/19377.png
71,2024,134,Atletico Paranaense,ATL,Brazil,1924.0,False,https://media.api-sports.io/football/teams/134.png,10493.0,Arena da Baixada,"Rua Buenos Aires 1260, Água Verde","Curitiba, Paraná",43981.0,grass,https://media.api-sports.io/football/venues/10493.png
71,2024,135,Cruzeiro,CRU,Brazil,1921.0,False,https://media.api-sports.io/football/teams/135.png,234.0,Estádio Governador Magalhães Pinto,"Avenida Antonio Abrahão Carã 1001, Pampulhas","Belo Horizonte, Minas Gerais",62170.0,grass,https://media.api-sports.io/football/venues/234.png
71,2024,136,Vitoria,VIT,Brazil,1899.0,False,https://media.api-sports.io/football/teams/136.png,281.0,Estádio Manoel Barradas,"Rua Artêmio Castro Valente 1, Bairro Nossa Senhora da Vitória","Salvador, Bahia",35980.0,grass,https://media.api-sports.io/football/venues/281.png
71,2024,140,Criciuma,CRI,Brazil,1947.0,False,https://media.api-sports.io/football/teams/140.png,233.0,Estádio Heriberto Hülse,"Rua Treze de Maio, Bairro Comerciário","Criciúma, Santa Catarina",19300.0,grass,https://media.api-sports.io/football/venues/233.png
71,2024,144,Atletico Goianiense,ATL,Brazil,1937.0,False,https://media.api-sports.io/football/teams/144.png,211.0,Estádio Antônio Accioly,"Avenida Perimetral 923 / Avenida 24 de Outubro, Bairro Campinas","Goiânia, Goiás",12500.0,grass,https://media.api-sports.io/football/venues/211.png
71,2024,152,Juventude,JUV,Brazil,1913.0,False,https://media.api-sports.io/football/teams/152.png,248.0,Estádio Alfredo Jaconi,Rua Hércules Galló 1547,"Caxias do Sul, Rio Grande do Sul",19924.0,grass,https://media.api-sports.io/football/venues/248.png
71,2024,154,Fortaleza EC,FOR,Brazil,1918.0,False,https://media.api-sports.io/football/teams/154.png,225.0,Estádio Governador Plácido Aderaldo Castelo,"Avenida Alberto Craveiro, Passaré","Fortaleza, Ceará",63903.0,grass,https://media.api-sports.io/football/venues/225.png
71,2024,794,RB Bragantino,BRA,Brazil,1928.0,False,https://media.api-sports.io/football/teams/794.png,220.0,Estádio Nabi Abi Chedid,Rua Emílio Coleta,"Bragança Paulista, São Paulo",17128.0,grass,https://media.api-sports.io/football/venues/220.png
71,2024,1062,Atletico-MG,ATL,Brazil,1908.0,False,https://media.api-sports.io/football/teams/1062.png,21427.0,Arena MRV,Av. Pres. Juscelino Kubitschek - Califórnia,"Belo Horizonte, Minas Gerais",47465.0,grass,https://media.api-sports.io/football/venues/21427.png
71,2024,1193,Cuiaba,CUI,Brazil,2001.0,False,https://media.api-sports.io/football/teams/1193.png,235.0,Arena Pantanal,,"Cuiabá, Mato Grosso",44003.0,grass,https://media.api-sports.io/football/venues/235.png
94,2024,211,Benfica,BEN,Portugal,1904.0,False,https://media.api-sports.io/football/teams/211.png,1265.0,Estádio do Sport Lisboa e Benfica (da Luz),Rua José Maria Nicolau,Lisboa,65647.0,grass,https://media.api-sports.io/football/venues/1265.png
94,2024,212,FC Porto,POR,Portugal,1893.0,False,https://media.api-sports.io/football/teams/212.png,1286.0,Estádio Do Dragão,Via Futebol Clube do Porto,Porto,50399.0,grass,https://media.api-sports.io/football/venues/1286.png
94,2024,215,Moreirense,MOR,Portugal,,False,https://media.api-sports.io/football/teams/215.png,1280.0,Parque Desportivo Comendador Joaquim de Almeida Freitas,Avenida Comendador Joaquim de Almeida Freitas,Moreira de Cónegos,13000.0,grass,https://media.api-sports.io/football/venues/1280.png
94,2024,217,SC Braga,BRA,Portugal,1921.0,False,https://media.api-sports.io/football/teams/217.png,1291.0,Estádio Municipal de Braga,Avenida do Estádio,Braga,30286.0,grass,https://media.api-sports.io/football/venues/1291.png
94,2024,222,Boavista,,Portugal,1903.0,False,https://media.api-sports.io/football/teams/222.png,1267.0,Estádio do Bessa Século XXI,"Rua O Primeiro de Janeiro, Boavista",Porto,28263.0,grass,https://media.api-sports.io/football/venues/1267.png
94,2024,224,Guimaraes,GUI,Portugal,1922.0,False,https://media.api-sports.io/football/teams/224.png,1295.0,Estádio Dom Afonso Henriques,Rua de São Gonçalo 505,Guimarães,30165.0,grass,https://media.api-sports.io/football/venues/1295.png
94,2024,225,Nacional,NAC,Portugal,1910.0,False,https://media.api-sports.io/football/teams/225.png,1281.0,Estádio da Madeira,"Rua do Esmeraldo, nº 46",Ilha da Madeira,5200.0,grass,https://media.api-sports.io/football/venues/1281.png
94,2024,226,Rio Ave,RIO,Portugal,1939.0,False,https://media.api-sports.io/football/teams/226.png,1288.0,Estádio do Rio Ave Futebol Clube,Rua Dona Maria Pães Ribeiro,Vila do Conde,12815.0,grass,https://media.api-sports.io/football/venues/1288.png
94,2024,227,Santa Clara,SAN,Portugal,1921.0,False,https://media.api-sports.io/football/teams/227.png,1289.0,Estádio de São Miguel,Rua Comandante Jaime de Sousa 21,"Ponta Delgada, Ilha de São Miguel, Açores",13277.0,grass,https://media.api-sports.io/football/venues/1289.png
94,2024,228,Sporting CP,SPO,Portugal,1906.0,False,https://media.api-sports.io/football/teams/228.png,1293.0,Estádio José Alvalade,Rua Professor Fernando da Fonseca,Lisboa,50466.0,grass,https://media.api-sports.io/football/venues/1293.png
94,2024,230,Estoril,EST,Portugal,1939.0,False,https://media.api-sports.io/football/teams/230.png,1274.0,Estádio António Coimbra da Mota,Rua Dom Bosco,Estoril,8015.0,grass,https://media.api-sports.io/football/venues/1274.png
94,2024,231,Farense,FAR,Portugal,1910.0,False,https://media.api-sports.io/football/teams/231.png,1290.0,Estádio de São Lúis,Rua do Sporting Club Farense,Faro,12000.0,grass,https://media.api-sports.io/football/venues/1290.png
94,2024,240,Arouca,ARO,Portugal,1951.0,False,https://media.api-sports.io/football/teams/240.png,1275.0,Estádio Municipal de Arouca,Afonso Pinto Magalhães Valdasna,Arouca,7000.0,grass,https://media.api-sports.io/football/venues/1275.png
94,2024,242,Famalicao,FAM,Portugal,1931.0,False,https://media.api-sports.io/football/teams/242.png,1276.0,Estádio Municipal 22 de Junho,Alameda dos Bargos,Vila Nova de Famalicão,8000.0,grass,https://media.api-sports.io/football/venues/1276.png
94,2024,762,GIL Vicente,VIC,Portugal,1924.0,False,https://media.api-sports.io/football/teams/762.png,2811.0,Estádio Cidade de Barcelos,"strada Nacional 103, Vila Boa",Barcelos,12046.0,grass,https://media.api-sports.io/football/venues/2811.png
94,2024,810,Vizela,VIZ,Portugal,1939.0,False,https://media.api-sports.io/football/teams/810.png,2817.0,Estádio Do Vizela,,Caldas de Vizela,6565.0,grass,https://media.api-sports.io/football/venues/2817.png
94,2024,4716,Casa Pia,CAS,Portugal,1920.0,False,https://media.api-sports.io/football/teams/4716.png,1262.0,Estádio Nacional,Rua Monsanto,"Jamor, Oeiras",38000.0,grass,https://media.api-sports.io/football/venues/1262.png
94,2024,15130,Estrela,,Portugal,0.0,False,https://media.api-sports.io/football/teams/15130.png,22604.0,Campo Municipal dos Prazeres,Alameda Bonifácio Lázaro Lozano,Amadora,800.0,grass,https://media.api-sports.io/football/venues/22604.png
94,2024,21595,AVS,,Portugal,,False,https://media.api-sports.io/football/teams/21595.png,1272.0,Estádio Clube Desportivo das Aves,Rua Luís Gonzaga Mendes de Carvalho 265,Vila das Aves,8560.0,grass,https://media.api-sports.io/football/venues/1272.png
88,2024,193,PEC Zwolle,ZWO,Netherlands,1910.0,False,https://media.api-sports.io/football/teams/193.png,1160.0,MAC³PARK Stadion,Stadionplein 1,Zwolle,14000.0,artificial turf,https://media.api-sports.io/football/venues/1160.png
88,2024,194,Ajax,AJA,Netherlands,1900.0,False,https://media.api-sports.io/football/teams/194.png,1117.0,Johan Cruijff Arena,ArenA Boulevard 1,Amsterdam,55885.0,grass,https://media.api-sports.io/football/venues/1117.png
88,2024,195,Willem II,WIL,Netherlands,1896.0,False,https://media.api-sports.io/football/teams/195.png,1159.0,Koning Willem II Stadion,Goirleseweg 34,Tilburg,14700.0,grass,https://media.api-sports.io/football/venues/1159.png
88,2024,197,PSV Eindhoven,PSV,Netherlands,1913.0,False,https://media.api-sports.io/football/teams/197.png,1143.0,Philips Stadion,Frederiklaan 10,Eindhoven,36500.0,grass,https://media.api-sports.io/football/venues/1143.png
88,2024,198,ADO Den Haag,HAA,Netherlands,1905.0,False,https://media.api-sports.io/football/teams/198.png,19212.0,Bingoal Stadion,Haags Kwartier 55,‘s-Gravenhage,15000.0,artificial turf,https://media.api-sports.io/football/venues/19212.png
88,2024,199,De Graafschap,GRA,Netherlands,1954.0,False,https://media.api-sports.io/football/teams/199.png,1121.0,Stadion De Vijverberg,Lijsterbeslaan 101a,Doetinchem,12600.0,grass,https://media.api-sports.io/football/venues/1121.png
88,2024,201,AZ Alkmaar,ALK,Netherlands,1967.0,False,https://media.api-sports.io/football/teams/201.png,1119.0,AFAS Stadion,Stadionweg 1,Alkmaar,19500.0,grass,https://media.api-sports.io/football/venues/1119.png
88,2024,202,Groningen,GRO,Netherlands,1971.0,False,https://media.api-sports.io/football/teams/202.png,12276.0,Euroborg,Boumaboulevard 41,Groningen,22579.0,grass,https://media.api-sports.io/football/venues/12276.png
88,2024,203,NAC Breda,BRE,Netherlands,1912.0,False,https://media.api-sports.io/football/teams/203.png,1139.0,Rat Verlegh Stadion,Stadionstraat 23,Breda,19000.0,grass,https://media.api-sports.io/football/venues/1139.png
88,2024,205,Fortuna Sittard,SIT,Netherlands,1968.0,False,https://media.api-sports.io/football/teams/205.png,1129.0,Fortuna Sittard Stadion,Milaanstraat 120,Sittard,12500.0,grass,https://media.api-sports.io/football/venues/1129.png
88,2024,206,Heracles,HER,Netherlands,1903.0,False,https://media.api-sports.io/football/teams/206.png,11906.0,Erve Asito,Van Riemsdijkplein 1,Almelo,13500.0,artificial turf,https://media.api-sports.io/football/venues/11906.png
88,2024,207,Utrecht,UTR,Netherlands,1970.0,False,https://media.api-sports.io/football/teams/207.png,1154.0,Stadion Galgenwaard,Herculesplein 241,Utrecht,24426.0,grass,https://media.api-sports.io/football/venues/1154.png
88,2024,209,Feyenoord,FEY,Netherlands,1908.0,False,https://media.api-sports.io/football/teams/209.png,1128.0,Stadion Feijenoord,Van Zandvlietplein 1,Rotterdam,51117.0,grass,https://media.api-sports.io/football/venues/1128.png
88,2024,210,Heerenveen,HEE,Netherlands,1920.0,False,https://media.api-sports.io/football/teams/210.png,1132.0,Abe Lenstra Stadion,Abe Lenstra boulevard 19,Heerenveen,27224.0,grass,https://media.api-sports.io/football/venues/1132.png
88,2024,409,Dordrecht,DOR,Netherlands,1990.0,False,https://media.api-sports.io/football/teams/409.png,20517.0,M-Scores Stadion,Krommedijk 210,Dordrecht,4235.0,grass,https://media.api-sports.io/football/venues/20517.png
88,2024,410,GO Ahead Eagles,EAG,Netherlands,1971.0,False,https://media.api-sports.io/football/teams/410.png,1130.0,De Adelaarshorst,Vetkampstraat 1,Deventer,10400.0,grass,https://media.api-sports.io/football/venues/1130.png
88,2024,413,NEC Nijmegen,NIJ,Netherlands,1900.0,False,https://media.api-sports.io/football/teams/413.png,1140.0,Goffertstadion,Stadionplein 1,Nijmegen,12540.0,grass,https://media.api-sports.io/football/venues/1140.png
88,2024,415,Twente,TWE,Netherlands,1965.0,False,https://media.api-sports.io/football/teams/415.png,1153.0,De Grolsch Veste,Colosseum 65,Enschede,30205.0,grass,https://media.api-sports.io/football/venues/1153.png
88,2024,417,Waalwijk,WAA,Netherlands,1940.0,False,https://media.api-sports.io/football/teams/417.png,1144.0,Mandemakers Stadion,Akkerlaan 2,Waalwijk,7508.0,artificial turf,https://media.api-sports.io/football/venues/1144.png
88,2024,419,Almere City FC,ALM,Netherlands,1932.0,False,https://media.api-sports.io/football/teams/419.png,1141.0,Yanmar Stadion,Competitieweg 20,Almere,4501.0,grass,https://media.api-sports.io/football/venues/1141.png
88,2024,420,Cambuur,CAM,Netherlands,1964.0,False,https://media.api-sports.io/football/teams/420.png,12680.0,Cambuur Stadion,Cambuurplein 44,Leeuwarden,11230.0,artificial turf,https://media.api-sports.io/football/venues/12680.png
88,2024,421,Den Bosch,BOS,Netherlands,1964.0,False,https://media.api-sports.io/football/teams/421.png,1122.0,Stadion De Vliert,Victorialaan 21,&apos;s-Hertogenbosch,9000.0,artificial turf,https://media.api-sports.io/football/venues/1122.png
88,2024,426,Sparta Rotterdam,SPA,Netherlands,1888.0,False,https://media.api-sports.io/football/teams/426.png,10505.0,Sparta-Stadion Het Kasteel,Spartapark Noord 1,Rotterdam,11026.0,artificial turf,https://media.api-sports.io/football/venues/10505.png
88,2024,427,Telstar,STO,Netherlands,1912.0,False,https://media.api-sports.io/football/teams/427.png,20187.0,711 Stadion,Minister van Houtenlaan 123,Velsen-Zuid,5200.0,artificial turf,https://media.api-sports.io/football/venues/20187.png
200,2024,962,Renaissance Berkane,BER,Morocco,1971.0,False,https://media.api-sports.io/football/teams/962.png,1112.0,Stade Municipal de Berkane,,Berkane,5000.0,grass,https://media.api-sports.io/football/venues/1112.png
200,2024,964,Difaa EL Jadida,DIF,Morocco,1956.0,False,https://media.api-sports.io/football/teams/964.png,1102.0,Stade Ben Ahmed El Abdi,,Mazghan,15000.0,grass,https://media.api-sports.io/football/venues/1102.png
200,2024,965,Moghreb Tetouan,MOG,Morocco,1933.0,False,https://media.api-sports.io/football/teams/965.png,1108.0,Stade Saniat Rmel,Avenue Avril,Tétouan,15000.0,artificial turf,https://media.api-sports.io/football/venues/1108.png
200,2024,968,Wydad AC,WYD,Morocco,1937.0,False,https://media.api-sports.io/football/teams/968.png,1099.0,Stade Mohamed V,"Rue Ali Abderrazak, Bouskoura, Maarif",Casablanca,45891.0,grass,https://media.api-sports.io/football/venues/1099.png
200,2024,969,FAR Rabat,RAB,Morocco,1958.0,False,https://media.api-sports.io/football/teams/969.png,1103.0,Stade Prince Moulay Abdallah,Route de Casablanca,Rabat,68700.0,grass,https://media.api-sports.io/football/venues/1103.png
200,2024,973,Hassania Agadir,HAS,Morocco,1946.0,False,https://media.api-sports.io/football/teams/973.png,1105.0,Stade d'Agadir,,Agadir,45480.0,grass,https://media.api-sports.io/football/venues/1105.png
200,2024,974,Ittihad Tanger,,Morocco,1983.0,False,https://media.api-sports.io/football/teams/974.png,1106.0,Grand Stade de Tanger,Boulevard des Forces Armées Royales,Tanger,65000.0,grass,https://media.api-sports.io/football/venues/1106.png
200,2024,975,Olympique Safi,OLY,Morocco,1921.0,False,https://media.api-sports.io/football/teams/975.png,1111.0,Stade El Massira,Avenue Moulay Youssef,Safi,15000.0,grass,https://media.api-sports.io/football/venues/1111.png
200,2024,976,Raja Casablanca,,Morocco,1949.0,False,https://media.api-sports.io/football/teams/976.png,1099.0,Stade Mohamed V,"Rue Ali Abderrazak, Bouskoura, Maarif",Casablanca,45891.0,grass,https://media.api-sports.io/football/venues/1099.png
200,2024,977,FUS Rabat,RAB,Morocco,1946.0,False,https://media.api-sports.io/football/teams/977.png,19496.0,Stade Prince Moulay El Hassan,Hay Nahda,Rabat,15000.0,grass,https://media.api-sports.io/football/venues/19496.png
200,2024,3449,CR Khemis Zemamra,,Morocco,1977.0,False,https://media.api-sports.io/football/teams/3449.png,18526.0,Stade Ahmed Choukri,Avenue Prince Sidi Mohamed,Zemamra,2500.0,artificial turf,https://media.api-sports.io/football/venues/18526.png
200,2024,3453,Maghreb Fès,MAG,Morocco,1946.0,False,https://media.api-sports.io/football/teams/3453.png,2260.0,Complexe Sportif de Fès,Boulevard Mohammed V,Fès,45000.0,artificial turf,https://media.api-sports.io/football/venues/2260.png
200,2024,3454,Olympique Dcheïra,,Morocco,1940.0,False,https://media.api-sports.io/football/teams/3454.png,2261.0,Stade Ahmed Fana,Avenue Omar Ibn Lkhatab,Dcheïra El Jihadia,5000.0,grass,https://media.api-sports.io/football/venues/2261.png
200,2024,3455,Raja Beni Mellal,RAJ,Morocco,1956.0,False,https://media.api-sports.io/football/teams/3455.png,2262.0,Stade Municipal de Beni Mellal,,Beni Mellal,8000.0,grass,https://media.api-sports.io/football/venues/2262.png
200,2024,3456,Riadi Salmi,,Morocco,1984.0,False,https://media.api-sports.io/football/teams/3456.png,18527.0,Terrain Errazi,,Berrechid,2000.0,artificial turf,https://media.api-sports.io/football/venues/18527.png
200,2024,6387,Chabab Mohammédia,,Morocco,1948.0,False,https://media.api-sports.io/football/teams/6387.png,11546.0,Stade El Bachir,Boulevard des Zenatas,Mohammédia,10000.0,grass,https://media.api-sports.io/football/venues/11546.png
200,2024,14806,UTS Rabat,UNI,Morocco,1969.0,False,https://media.api-sports.io/football/teams/14806.png,11547.0,Terrain Filine,,Sala Al Jadida,1000.0,,https://media.api-sports.io/football/venues/11547.png
200,2024,22218,CODM Meknès,,Morocco,1962.0,False,https://media.api-sports.io/football/teams/22218.png,20212.0,Stade d'Honneur,,Meknès,20000.0,artificial turf,https://media.api-sports.io/football/venues/20212.png
144,2024,260,OH Leuven,LEU,Belgium,1957.0,False,https://media.api-sports.io/football/teams/260.png,186.0,King Power at Den Dreef Stadion,Kardinaal Mercierlaan 46,Heverlee,12500.0,grass,https://media.api-sports.io/football/venues/186.png
144,2024,261,KVC Westerlo,WES,Belgium,1933.0,False,https://media.api-sports.io/football/teams/261.png,195.0,Het Kuipje,De Merodedreef 189,Westerlo,8035.0,grass,https://media.api-sports.io/football/venues/195.png
144,2024,263,Beerschot VA,,Belgium,1921.0,False,https://media.api-sports.io/football/teams/263.png,181.0,Olympisch Stadion,Atletenstraat 32,Antwerp (Anvers),13405.0,grass,https://media.api-sports.io/football/venues/181.png
144,2024,266,KV Mechelen,MEC,Belgium,1904.0,False,https://media.api-sports.io/football/teams/266.png,20336.0,AFAS Stadion,Kleine Nieuwedijk 53,Malines,16715.0,grass,https://media.api-sports.io/football/venues/20336.png
144,2024,554,Anderlecht,AND,Belgium,1908.0,False,https://media.api-sports.io/football/teams/554.png,174.0,Lotto Park,Avenue Théo Verbeeck 2,Brussel,28063.0,grass,https://media.api-sports.io/football/venues/174.png
144,2024,569,Club Brugge KV,CLU,Belgium,1891.0,False,https://media.api-sports.io/football/teams/569.png,176.0,Jan Breydelstadion,Olympialaan 74,Brugge,29062.0,grass,https://media.api-sports.io/football/venues/176.png
144,2024,631,Gent,GEN,Belgium,1900.0,False,https://media.api-sports.io/football/teams/631.png,20727.0,Planet Group Arena,Ottergemsesteenweg-Zuid 808,Gent,20185.0,grass,https://media.api-sports.io/football/venues/20727.png
144,2024,733,Standard Liege,STA,Belgium,1898.0,False,https://media.api-sports.io/football/teams/733.png,192.0,Stade Maurice Dufrasne,"Rue de la Centrale 2, Sclessin",Luik,27670.0,grass,https://media.api-sports.io/football/venues/192.png
144,2024,734,Kortrijk,KOR,Belgium,1901.0,False,https://media.api-sports.io/football/teams/734.png,182.0,Guldensporenstadion,"Meensesteenweg 84a / Moorseelsestraat 111b, Heule",Kortrijk,9399.0,grass,https://media.api-sports.io/football/venues/182.png
144,2024,735,St. Truiden,TRU,Belgium,1924.0,False,https://media.api-sports.io/football/teams/735.png,19611.0,Daio Wasabi Stayen Stadium,Tiensesteenweg 168,St.-Trond,14600.0,artificial turf,https://media.api-sports.io/football/venues/19611.png
144,2024,736,Charleroi,CHA,Belgium,1904.0,False,https://media.api-sports.io/football/teams/736.png,177.0,Stade du Pays de Charleroi,Boulevard Zoé Drion 19,Charleroi,18000.0,grass,https://media.api-sports.io/football/venues/177.png
144,2024,740,Antwerp,ANT,Belgium,1880.0,False,https://media.api-sports.io/football/teams/740.png,175.0,Bosuilstadion,Oude Bosuilbaan 54a,Deurne,23057.0,grass,https://media.api-sports.io/football/venues/175.png
144,2024,741,Cercle Brugge,CER,Belgium,1899.0,False,https://media.api-sports.io/football/teams/741.png,176.0,Jan Breydelstadion,Olympialaan 74,Brugge,29062.0,grass,https://media.api-sports.io/football/venues/176.png
144,2024,742,Genk,GEN,Belgium,1988.0,False,https://media.api-sports.io/football/teams/742.png,12455.0,Cegeka Arena,"Stadionplein 4, Waterschei",Genk,24956.0,grass,https://media.api-sports.io/football/venues/12455.png
144,2024,1393,Union St. Gilloise,GIL,Belgium,1897.0,False,https://media.api-sports.io/football/teams/1393.png,194.0,Stade Joseph Mariën,"Chaussée de Bruxelles 223, Forest",Brussels,9400.0,grass,https://media.api-sports.io/football/venues/194.png
144,2024,6215,Dender,DEN,Belgium,1935.0,False,https://media.api-sports.io/football/teams/6215.png,19052.0,DENDER Football Complex,Stadionlaan 5,Denderleeuw,6429.0,grass,https://media.api-sports.io/football/venues/19052.png
144,2024,6222,Patro Eisden,PAT,Belgium,1942.0,False,https://media.api-sports.io/football/teams/6222.png,20343.0,Patrostadion,Kolenmijn Limburg-Maasland 2,Maasmechelen,6490.0,grass,https://media.api-sports.io/football/venues/20343.png
78,2024,157,Bayern München,BAY,Germany,1900.0,False,https://media.api-sports.io/football/teams/157.png,20732.0,Fußball Arena München,Werner-Heisenberg-Allee 25,München,75024.0,grass,https://media.api-sports.io/football/venues/20732.png
78,2024,160,SC Freiburg,FRE,Germany,1904.0,False,https://media.api-sports.io/football/teams/160.png,12717.0,Europa-Park Stadion,Achim-Stocker-Straße 1,Freiburg im Breisgau,34700.0,grass,https://media.api-sports.io/football/venues/12717.png
78,2024,161,VfL Wolfsburg,WOL,Germany,1945.0,False,https://media.api-sports.io/football/teams/161.png,752.0,Volkswagen Arena,In den Allerwiesen 1,Wolfsburg,30000.0,grass,https://media.api-sports.io/football/venues/752.png
78,2024,162,Werder Bremen,WER,Germany,1899.0,False,https://media.api-sports.io/football/teams/162.png,755.0,wohninvest WESERSTADION,Franz-Böhmert-Straße 1c,Bremen,42358.0,grass,https://media.api-sports.io/football/venues/755.png
78,2024,163,Borussia Mönchengladbach,MOE,Germany,1900.0,False,https://media.api-sports.io/football/teams/163.png,20471.0,BORUSSIA-PARK,Hennes-Weisweiler-Allee 1,Mönchengladbach,54057.0,grass,https://media.api-sports.io/football/venues/20471.png
78,2024,164,FSV Mainz 05,MAI,Germany,1905.0,False,https://media.api-sports.io/football/teams/164.png,11899.0,MEWA ARENA,Eugen-Salomon-Straße 1,Mainz,34034.0,grass,https://media.api-sports.io/football/venues/11899.png
78,2024,165,Borussia Dortmund,DOR,Germany,1909.0,False,https://media.api-sports.io/football/teams/165.png,20733.0,BVB Stadion Dortmund,Strobelalle 50,Dortmund,81365.0,grass,https://media.api-sports.io/football/venues/20733.png
78,2024,167,1899 Hoffenheim,HOF,Germany,1899.0,False,https://media.api-sports.io/football/teams/167.png,724.0,PreZero Arena,Dietmar-Hopp-Straße 1,Sinsheim,30164.0,grass,https://media.api-sports.io/football/venues/724.png
78,2024,168,Bayer Leverkusen,BAY,Germany,1904.0,False,https://media.api-sports.io/football/teams/168.png,699.0,BayArena,Bismarckstr. 122-124,Leverkusen,30210.0,grass,https://media.api-sports.io/football/venues/699.png
78,2024,169,Eintracht Frankfurt,EIN,Germany,1899.0,False,https://media.api-sports.io/football/teams/169.png,20734.0,Frankfurt Arena,Mörfelder Landstr. 362,Frankfurt am Main,58000.0,grass,https://media.api-sports.io/football/venues/20734.png
78,2024,170,FC Augsburg,AUG,Germany,1907.0,False,https://media.api-sports.io/football/teams/170.png,698.0,WWK Arena,Bürgermeister Ulrich-Straße 90,Augsburg,30662.0,grass,https://media.api-sports.io/football/venues/698.png
78,2024,172,VfB Stuttgart,STU,Germany,1893.0,False,https://media.api-sports.io/football/teams/172.png,20739.0,Stuttgart Arena,Mercedesstrasse 87,Stuttgart,60469.0,grass,https://media.api-sports.io/football/venues/20739.png
78,2024,173,RB Leipzig,LEI,Germany,2009.0,False,https://media.api-sports.io/football/teams/173.png,20737.0,Leipzig Stadium,Am Sportforum 3,Leipzig,47069.0,grass,https://media.api-sports.io/football/venues/20737.png
78,2024,176,VfL Bochum,BOC,Germany,1848.0,False,https://media.api-sports.io/football/teams/176.png,751.0,Vonovia Ruhrstadion,Castropher Straße 145,Bochum,27599.0,grass,https://media.api-sports.io/football/venues/751.png
78,2024,180,1. FC Heidenheim,HEI,Germany,1946.0,False,https://media.api-sports.io/football/teams/180.png,723.0,Voith-Arena,Schloßhaustraße 160,Heidenheim an der Brenz,15000.0,grass,https://media.api-sports.io/football/venues/723.png
78,2024,182,Union Berlin,UNI,Germany,1966.0,False,https://media.api-sports.io/football/teams/182.png,748.0,Stadion An der Alten Försterei,"Hämmerlingstraße 80-88, Köpenick",Berlin,22467.0,grass,https://media.api-sports.io/football/venues/748.png
78,2024,186,FC St. Pauli,PAU,Germany,1910.0,False,https://media.api-sports.io/football/teams/186.png,745.0,Millerntor-Stadion,Harald-Stender-Platz 1,Hamburg,29564.0,grass,https://media.api-sports.io/football/venues/745.png
78,2024,191,Holstein Kiel,HOL,Germany,1900.0,False,https://media.api-sports.io/football/teams/191.png,725.0,Holstein-Stadion,Westring 501,Kiel,15034.0,grass,https://media.api-sports.io/football/venues/725.png
78,2024,1660,SV Elversberg,ELV,Germany,1907.0,False,https://media.api-sports.io/football/teams/1660.png,710.0,URSAPHARM-Arena an der Kaiserlinde,Lindenstraße 7,Spiesen-Elversberg,11150.0,grass,https://media.api-sports.io/football/venues/710.png
210,2024,561,HNK Rijeka,RIJ,Croatia,1946.0,False,https://media.api-sports.io/football/teams/561.png,423.0,Stadion HNK Rijeka,Rujevica ulica 6B,Rijeka,8279.0,grass,https://media.api-sports.io/football/venues/423.png
210,2024,608,HNK Hajduk Split,HAJ,Croatia,1911.0,False,https://media.api-sports.io/football/teams/608.png,413.0,Stadion Poljud,8. Mediteranskih igara 2,Split,34448.0,grass,https://media.api-sports.io/football/venues/413.png
210,2024,616,NK Osijek,OSI,Croatia,1947.0,False,https://media.api-sports.io/football/teams/616.png,20730.0,Opus Arena,Delnička bb,Osijek,13005.0,grass,https://media.api-sports.io/football/venues/20730.png
210,2024,620,Dinamo Zagreb,ZAG,Croatia,1911.0,False,https://media.api-sports.io/football/teams/620.png,412.0,Stadion Maksimir,Maksimirska cesta 128,Zagreb,37168.0,grass,https://media.api-sports.io/football/venues/412.png
210,2024,1016,Istra 1961,IST,Croatia,1964.0,False,https://media.api-sports.io/football/teams/1016.png,416.0,Stadion Aldo Drosina,Marsovo polje,Pula,8923.0,grass,https://media.api-sports.io/football/venues/416.png
210,2024,1017,NK Lokomotiva Zagreb,ZAG,Croatia,1914.0,False,https://media.api-sports.io/football/teams/1017.png,412.0,Stadion Maksimir,Maksimirska cesta 128,Zagreb,37168.0,grass,https://media.api-sports.io/football/venues/412.png
210,2024,1018,NK Slaven Belupo,BEL,Croatia,1912.0,False,https://media.api-sports.io/football/teams/1018.png,426.0,Gradski Stadion,Mihovila Pavleka Miškine bb 12,Koprivnica,4448.0,grass,https://media.api-sports.io/football/venues/426.png
210,2024,1068,HNK Gorica,,Croatia,2009.0,False,https://media.api-sports.io/football/teams/1068.png,421.0,ŠRC Velika Gorica,,Velika Gorica,8000.0,grass,https://media.api-sports.io/football/venues/421.png
210,2024,1475,Sibenik,,Croatia,1929.0,False,https://media.api-sports.io/football/teams/1475.png,425.0,Stadion Šubićevac,Josipa bana Jelačića bb,Šibenik,8500.0,grass,https://media.api-sports.io/football/venues/425.png
210,2024,1483,NK Varazdin,,Croatia,1932.0,False,https://media.api-sports.io/football/teams/1483.png,428.0,Stadion Anđelko Herjavec,Zagrebačka 94,Varaždin,10800.0,grass,https://media.api-sports.io/football/venues/428.png
403,2024,5285,Casa Sport,,Senegal,1969.0,False,https://media.api-sports.io/football/teams/5285.png,3999.0,Stade Aline Sitoé Diatta,Route Principale Goumel,Ziguinchor,10000.0,artificial turf,https://media.api-sports.io/football/venues/3999.png
403,2024,5287,Gorée,,Senegal,1933.0,False,https://media.api-sports.io/football/teams/5287.png,2021.0,Stade Demba Diop,"Boulevard Président Habib Bourguiba, Sicap-Liberté",Dakar,15000.0,artificial turf,https://media.api-sports.io/football/venues/2021.png
403,2024,5288,Génération Foot,,Senegal,,False,https://media.api-sports.io/football/teams/5288.png,4000.0,Stade Djiby Diagne,,Deni Biram Ndao,1000.0,grass,https://media.api-sports.io/football/venues/4000.png
403,2024,5289,Jaraaf,,Senegal,1969.0,False,https://media.api-sports.io/football/teams/5289.png,2021.0,Stade Demba Diop,"Boulevard Président Habib Bourguiba, Sicap-Liberté",Dakar,15000.0,artificial turf,https://media.api-sports.io/football/venues/2021.png
403,2024,5290,La Linguère,,Senegal,1969.0,False,https://media.api-sports.io/football/teams/5290.png,4001.0,Stade Mawade Wade,Tali Dex gi,Saint-Louis,1500.0,artificial turf,https://media.api-sports.io/football/venues/4001.png
403,2024,5293,Pikine,,Senegal,1970.0,False,https://media.api-sports.io/football/teams/5293.png,4003.0,Stade Alassane Djigo,Dagoudane,Pikine,5000.0,artificial turf,https://media.api-sports.io/football/venues/4003.png
403,2024,5294,Sonacos,,Senegal,,False,https://media.api-sports.io/football/teams/5294.png,4004.0,Stade Lamine Guèye,,Kaolack,8000.0,artificial turf,https://media.api-sports.io/football/venues/4004.png
403,2024,5296,Teungueth,,Senegal,,False,https://media.api-sports.io/football/teams/5296.png,4005.0,Stade Amadou Barry,,Guédiawaye,5000.0,grass,https://media.api-sports.io/football/venues/4005.png
403,2024,5553,Guédiawaye,,Senegal,1993.0,False,https://media.api-sports.io/football/teams/5553.png,4005.0,Stade Amadou Barry,,Guédiawaye,5000.0,grass,https://media.api-sports.io/football/venues/4005.png
403,2024,5554,Ouakam,,Senegal,1951.0,False,https://media.api-sports.io/football/teams/5554.png,2021.0,Stade Demba Diop,"Boulevard Président Habib Bourguiba, Sicap-Liberté",Dakar,15000.0,artificial turf,https://media.api-sports.io/football/venues/2021.png
403,2024,13172,DSC,,Senegal,,False,https://media.api-sports.io/football/teams/13172.png,1405.0,Stade Léopold Sédar Senghor,Route de l’Aéroport de Yoff,Dakar,80000.0,grass,https://media.api-sports.io/football/venues/1405.png
403,2024,22577,Jamono Fatick,,Senegal,,False,https://media.api-sports.io/football/teams/22577.png,,,,,,,
403,2024,25067,AJEL,,Senegal,,False,https://media.api-sports.io/football/teams/25067.png,,,,,,,
403,2024,25068,HLM,,Senegal,1991.0,False,https://media.api-sports.io/football/teams/25068.png,2021.0,Stade Demba Diop,,,15000.0,artificial turf,https://media.api-sports.io/football/venues/2021.png
403,2024,25069,Oslo,,Senegal,,False,https://media.api-sports.io/football/teams/25069.png,,,,,,,
403,2024,25070,Wally Daan,,Senegal,,False,https://media.api-sports.io/football/teams/25070.png,,,,,,,
135,2024,487,Lazio,LAZ,Italy,1900.0,False,https://media.api-sports.io/football/teams/487.png,910.0,Stadio Olimpico,"Viale dei Gladiatori, 2 / Via del Foro Italico",Roma,68530.0,grass,https://media.api-sports.io/football/venues/910.png
135,2024,489,AC Milan,MIL,Italy,1899.0,False,https://media.api-sports.io/football/teams/489.png,907.0,Stadio Giuseppe Meazza,Via Piccolomini 5,Milano,80018.0,grass,https://media.api-sports.io/football/venues/907.png
135,2024,490,Cagliari,CAG,Italy,1920.0,False,https://media.api-sports.io/football/teams/490.png,12275.0,Unipol Domus,Via Raimondo Carta Raspi,Cagliari,16416.0,grass,https://media.api-sports.io/football/venues/12275.png
135,2024,492,Napoli,NAP,Italy,1904.0,False,https://media.api-sports.io/football/teams/492.png,11904.0,Stadio Diego Armando Maradona,Pizzale Vincenzo Tecchio,Napoli,60240.0,grass,https://media.api-sports.io/football/venues/11904.png
135,2024,494,Udinese,UDI,Italy,1896.0,False,https://media.api-sports.io/football/teams/494.png,20416.0,Bluenergy Stadium,"Piazza le Repubblica Argentina, 3",Udine,25952.0,grass,https://media.api-sports.io/football/venues/20416.png
135,2024,495,Genoa,GEN,Italy,1893.0,False,https://media.api-sports.io/football/teams/495.png,905.0,Stadio Comunale Luigi Ferraris,"Via Giovanni De Prà, 1",Genova,36703.0,grass,https://media.api-sports.io/football/venues/905.png
135,2024,496,Juventus,JUV,Italy,1897.0,False,https://media.api-sports.io/football/teams/496.png,909.0,Allianz Stadium,Strada Comunale di Altessano 131,Torino,45666.0,grass,https://media.api-sports.io/football/venues/909.png
135,2024,497,AS Roma,ROM,Italy,1927.0,False,https://media.api-sports.io/football/teams/497.png,910.0,Stadio Olimpico,"Viale dei Gladiatori, 2 / Via del Foro Italico",Roma,68530.0,grass,https://media.api-sports.io/football/venues/910.png
135,2024,499,Atalanta,ATA,Italy,1907.0,False,https://media.api-sports.io/football/teams/499.png,879.0,Gewiss Stadium,Viale Giulio Cesare 18,Bergamo,21300.0,grass,https://media.api-sports.io/football/venues/879.png
135,2024,500,Bologna,BOL,Italy,1909.0,False,https://media.api-sports.io/football/teams/500.png,881.0,Stadio Renato Dall'Ara,"Via Andrea Costa, 174",Bologna,39279.0,grass,https://media.api-sports.io/football/venues/881.png
135,2024,502,Fiorentina,FIO,Italy,1926.0,False,https://media.api-sports.io/football/teams/502.png,902.0,Stadio Artemio Franchi,Viale Manfredo Fanti 14,Firenze,43147.0,grass,https://media.api-sports.io/football/venues/902.png
135,2024,503,Torino,TOR,Italy,1906.0,False,https://media.api-sports.io/football/teams/503.png,943.0,Stadio Olimpico Grande Torino,"Corso Sebastopoli 123, Santa Rita",Torino,27958.0,grass,https://media.api-sports.io/football/venues/943.png
135,2024,504,Hellas Verona,VER,Italy,1903.0,False,https://media.api-sports.io/football/teams/504.png,890.0,Stadio Marc'Antonio Bentegodi,Piazzale Olimpia,Verona,39211.0,grass,https://media.api-sports.io/football/venues/890.png
135,2024,505,Inter,INT,Italy,1908.0,False,https://media.api-sports.io/football/teams/505.png,907.0,Stadio Giuseppe Meazza,Via Piccolomini 5,Milano,80018.0,grass,https://media.api-sports.io/football/venues/907.png
135,2024,511,Empoli,EMP,Italy,1920.0,False,https://media.api-sports.io/football/teams/511.png,20109.0,Stadio Carlo Castellani – Computer Gross Arena,Viale delle Olimpiadi,Empoli,16284.0,grass,https://media.api-sports.io/football/venues/20109.png
135,2024,517,Venezia,VEN,Italy,1907.0,False,https://media.api-sports.io/football/teams/517.png,948.0,Stadio Pierluigi Penzo,Isola di Sant&apos;Elena,Venezia,11150.0,grass,https://media.api-sports.io/football/venues/948.png
135,2024,523,Parma,PAR,Italy,1913.0,False,https://media.api-sports.io/football/teams/523.png,921.0,Stadio Ennio Tardini,"Via Partigiani d&apos;Italia, 1",Parma,22885.0,grass,https://media.api-sports.io/football/venues/921.png
135,2024,867,Lecce,LEC,Italy,1908.0,False,https://media.api-sports.io/football/teams/867.png,911.0,Stadio Comunale Via del Mare,Viale dello Stadio,Lecce,33876.0,grass,https://media.api-sports.io/football/venues/911.png
135,2024,895,Como,COM,Italy,1907.0,False,https://media.api-sports.io/football/teams/895.png,892.0,Stadio Giuseppe Sinigaglia,"Via Giuseppe Sinigaglia, 3",Como,13602.0,grass,https://media.api-sports.io/football/venues/892.png
135,2024,1579,Monza,MON,Italy,1912.0,False,https://media.api-sports.io/football/teams/1579.png,12086.0,U-Power Stadium,Via Franco Tognini,Monza,18568.0,grass,https://media.api-sports.io/football/venues/12086.png
713,2024,1125,Millonarios,MIL,Colombia,1946.0,False,https://media.api-sports.io/football/teams/1125.png,383.0,Estadio Nemesio Camacho El Campín,Avenida N.Q.S Calle 57,"Bogotá, D.C.",39512.0,grass,https://media.api-sports.io/football/venues/383.png
713,2024,1135,Junior,JUN,Colombia,1924.0,False,https://media.api-sports.io/football/teams/1135.png,366.0,Estadio Metropolitano Roberto Meléndez,Intersección de la Avenida Circunvalar con la Calle 45,Barranquilla,49612.0,grass,https://media.api-sports.io/football/venues/366.png
253,2024,1595,Seattle Sounders,SEA,USA,2007.0,False,https://media.api-sports.io/football/teams/1595.png,11534.0,Lumen Field,800 Occidental Avenue South,"Seattle, Washington",72000.0,artificial turf,https://media.api-sports.io/football/venues/11534.png
253,2024,1596,San Jose Earthquakes,JOS,USA,1995.0,False,https://media.api-sports.io/football/teams/1596.png,11918.0,PayPal Park,1123 Coleman Avenue,"San Jose, California",18000.0,grass,https://media.api-sports.io/football/venues/11918.png
253,2024,1597,FC Dallas,DAL,USA,1996.0,False,https://media.api-sports.io/football/teams/1597.png,1612.0,Toyota Stadium,6000 Main Street,"Frisco, Texas",22565.0,grass,https://media.api-sports.io/football/venues/1612.png
253,2024,1598,Orlando City SC,,USA,2008.0,False,https://media.api-sports.io/football/teams/1598.png,20500.0,Inter&Co Stadium,655 West Church Street,"Orlando, Florida",25527.0,grass,https://media.api-sports.io/football/venues/20500.png
253,2024,1599,Philadelphia Union,PHI,USA,2008.0,False,https://media.api-sports.io/football/teams/1599.png,1620.0,Subaru Park,Seaport Drive,"Chester, Pennsylvania",19778.0,grass,https://media.api-sports.io/football/venues/1620.png
253,2024,1600,Houston Dynamo,HOU,USA,2005.0,False,https://media.api-sports.io/football/teams/1600.png,19418.0,Shell Energy Stadium,"2200 Texas Avenue, East End","Houston, Texas",22661.0,grass,https://media.api-sports.io/football/venues/19418.png
253,2024,1601,Toronto FC,TOR,Canada,2006.0,False,https://media.api-sports.io/football/teams/1601.png,312.0,BMO Field,170 Princes’ Boulevard,"Toronto, Ontario",36045.0,grass,https://media.api-sports.io/football/venues/312.png
253,2024,1602,New York Red Bulls,YOR,USA,1995.0,False,https://media.api-sports.io/football/teams/1602.png,21544.0,Sports Illustrated Stadium,Frank Rogers Boulevard South,"Harrison, New Jersey",26765.0,grass,https://media.api-sports.io/football/venues/21544.png
253,2024,1603,Vancouver Whitecaps,,Canada,1986.0,False,https://media.api-sports.io/football/teams/1603.png,19445.0,BC Place,"777 Pacific Boulevard, False Creek","Vancouver, British Columbia",54405.0,artificial turf,https://media.api-sports.io/football/venues/19445.png
253,2024,1604,New York City FC,,USA,2013.0,False,https://media.api-sports.io/football/teams/1604.png,1833.0,Yankee Stadium,"One East 161st Street, The Bronx",New York City,54251.0,grass,https://media.api-sports.io/football/venues/1833.png
253,2024,1605,Los Angeles Galaxy,ANG,USA,1995.0,False,https://media.api-sports.io/football/teams/1605.png,1616.0,Dignity Health Sports Park,"18400 Avalon Boulevard, Dominguez Hills","Carson, California",30510.0,grass,https://media.api-sports.io/football/venues/1616.png
253,2024,1606,Real Salt Lake,SAL,USA,2004.0,False,https://media.api-sports.io/football/teams/1606.png,19223.0,America First Field,9256 South State Street,"Sandy, Utah",21810.0,grass,https://media.api-sports.io/football/venues/19223.png
253,2024,1607,Chicago Fire,CHI,USA,1997.0,False,https://media.api-sports.io/football/teams/1607.png,1609.0,Soldier Field,1410 South Museum Campus Drive,"Chicago, Illinois",62493.0,grass,https://media.api-sports.io/football/venues/1609.png
253,2024,1608,Atlanta United FC,,USA,2014.0,False,https://media.api-sports.io/football/teams/1608.png,1898.0,Mercedes-Benz Stadium,1 AMB Drive North West,"Atlanta, Georgia",73019.0,artificial turf,https://media.api-sports.io/football/venues/1898.png
253,2024,1609,New England Revolution,ENG,USA,1995.0,False,https://media.api-sports.io/football/teams/1609.png,1618.0,Gillette Stadium,1388 One Patriot Place,"Foxborough, Massachusetts",68756.0,artificial turf,https://media.api-sports.io/football/venues/1618.png
253,2024,1610,Colorado Rapids,COL,USA,1996.0,False,https://media.api-sports.io/football/teams/1610.png,1610.0,Dick's Sporting Goods Park,6000 Victory Way,"Commerce City, Colorado",19734.0,grass,https://media.api-sports.io/football/venues/1610.png
253,2024,1611,Sporting Kansas City,KAN,USA,1995.0,False,https://media.api-sports.io/football/teams/1611.png,1615.0,Children's Mercy Park,One Sporting Way,"Kansas City, Kansas",21650.0,grass,https://media.api-sports.io/football/venues/1615.png
253,2024,1612,Minnesota United FC,MIN,USA,2010.0,False,https://media.api-sports.io/football/teams/1612.png,1617.0,Allianz Field,400 Snelling Avenue North,"Saint Paul, Minnesota",19954.0,grass,https://media.api-sports.io/football/venues/1617.png
253,2024,1613,Columbus Crew,COL,USA,1996.0,False,https://media.api-sports.io/football/teams/1613.png,12667.0,Lower.com Field,560 West Nationwide Boulevard,"Columbus, Ohio",20931.0,grass,https://media.api-sports.io/football/venues/12667.png
253,2024,1614,CF Montreal,MON,Canada,2010.0,False,https://media.api-sports.io/football/teams/1614.png,310.0,Stade Saputo,"4750, rue Sherbrooke Est","Montreal, Quebec",20801.0,grass,https://media.api-sports.io/football/venues/310.png
253,2024,1615,DC United,UNI,USA,1996.0,False,https://media.api-sports.io/football/teams/1615.png,1613.0,Audi Field,"32-60 R Street South West, Buzzard Point","Washington, District of Columbia",20621.0,grass,https://media.api-sports.io/football/venues/1613.png
253,2024,1616,Los Angeles FC,,USA,2014.0,False,https://media.api-sports.io/football/teams/1616.png,19419.0,BMO Stadium,3939 S Figueroa Street,"Los Angeles, California",22921.0,grass,https://media.api-sports.io/football/venues/19419.png
253,2024,1617,Portland Timbers,POR,USA,2009.0,False,https://media.api-sports.io/football/teams/1617.png,1748.0,Providence Park,1844 SW Morrison Street,"Portland, Oregon",25518.0,artificial turf,https://media.api-sports.io/football/venues/1748.png
253,2024,2242,FC Cincinnati,,USA,,False,https://media.api-sports.io/football/teams/2242.png,19229.0,TQL Stadium,1501 Central Parkway,"Cincinnati, Ohio",26000.0,grass,https://media.api-sports.io/football/venues/19229.png
253,2024,9568,Inter Miami,,USA,2018.0,False,https://media.api-sports.io/football/teams/9568.png,20764.0,Chase Stadium,1350 Northwest 55th Street,"Fort Lauderdale, Florida",21550.0,grass,https://media.api-sports.io/football/venues/20764.png
253,2024,9569,Nashville SC,,USA,2020.0,False,https://media.api-sports.io/football/teams/9569.png,19357.0,GEODIS Park,513 Benton Avenue,"Nashville, Tennessee",30109.0,grass,https://media.api-sports.io/football/venues/19357.png
253,2024,16489,Austin,,USA,2021.0,False,https://media.api-sports.io/football/teams/16489.png,11535.0,Q2 Stadium,10414 Mc Kalla Place,"Austin, Texas",20738.0,grass,https://media.api-sports.io/football/venues/11535.png
253,2024,18310,Charlotte,,USA,2019.0,False,https://media.api-sports.io/football/teams/18310.png,18659.0,Bank of America Stadium,800 South Mint Street,"Charlotte, North Carolina",75412.0,artificial turf,https://media.api-sports.io/football/venues/18659.png
253,2024,20787,St. Louis City,,USA,2023.0,False,https://media.api-sports.io/football/teams/20787.png,19408.0,CITYPARK,2100 Market Street,"St. Louis, Missouri",22500.0,grass,https://media.api-sports.io/football/venues/19408.png
262,2024,2278,Guadalajara Chivas,GUA,Mexico,1906.0,False,https://media.api-sports.io/football/teams/2278.png,1076.0,Estadio AKRON,"Avenida Circuito JVC Número 2800, Centro JVC",Zapopan,46609.0,artificial turf,https://media.api-sports.io/football/venues/1076.png
262,2024,2279,Tigres UANL,UAN,Mexico,1960.0,False,https://media.api-sports.io/football/teams/2279.png,1087.0,Estadio Universitario de Nuevo León,"Calle del Doctor Pedro de Alba, Colonia Ciudad Universitaria",San Nicolás de los Garza,42000.0,grass,https://media.api-sports.io/football/venues/1087.png
262,2024,2280,Club Tijuana,CLU,Mexico,2006.0,False,https://media.api-sports.io/football/teams/2280.png,1088.0,Estadio Caliente,"Boulevard Agua Caliente 12027, Colonia Hipódromo",Tijuana,33333.0,artificial turf,https://media.api-sports.io/football/venues/1088.png
262,2024,2281,Toluca,TOL,Mexico,1917.0,False,https://media.api-sports.io/football/teams/2281.png,1089.0,Estadio Nemesio Díez,"Felipe Villanueva No. 300, Barrio de San Bernardino",Toluca de Lerdo,30000.0,grass,https://media.api-sports.io/football/venues/1089.png
262,2024,2282,Monterrey,MON,Mexico,1945.0,False,https://media.api-sports.io/football/teams/2282.png,11905.0,Estadio BBVA,"Avenida Pablo Livas 2011, Colonia La Pastora",Guadalupe,53500.0,grass,https://media.api-sports.io/football/venues/11905.png
262,2024,2283,Atlas,ATL,Mexico,1916.0,False,https://media.api-sports.io/football/teams/2283.png,1071.0,Estadio Jalisco,"Calle 7 Colinas No. 1772, Colonia Independencia",Guadalajara,56713.0,grass,https://media.api-sports.io/football/venues/1071.png
262,2024,2285,Santos Laguna,SAN,Mexico,1983.0,False,https://media.api-sports.io/football/teams/2285.png,20475.0,Estadio Corona,Territorio Santos Modelo,Torreón,28914.0,grass,https://media.api-sports.io/football/venues/20475.png
262,2024,2286,U.N.A.M. - Pumas,UNA,Mexico,1954.0,False,https://media.api-sports.io/football/teams/2286.png,1083.0,Estadio Olímpico de Universitario,"Calle Escobar, Colonia Ciudad Universitaria, Coyoacán",D.F.,72449.0,grass,https://media.api-sports.io/football/venues/1083.png
262,2024,2287,Club America,CLU,Mexico,1916.0,False,https://media.api-sports.io/football/teams/2287.png,1069.0,Estadio Azteca,"Calzada de Tlalpan 3665, Coyoacán",D.F.,106187.0,grass,https://media.api-sports.io/football/venues/1069.png
262,2024,2288,Necaxa,NEC,Mexico,1923.0,False,https://media.api-sports.io/football/teams/2288.png,20474.0,Estadio Victoria,"Avenida Manuel Madrigal 101, Colonia Héroes",Aguascalientes,25500.0,grass,https://media.api-sports.io/football/venues/20474.png
262,2024,2289,Leon,CLU,Mexico,1944.0,False,https://media.api-sports.io/football/teams/2289.png,1077.0,Estadio León (Nou Camp),"Boulevard Adolfo López Mateos 1810, Colonia La Martinica",León de los Aldamas,33943.0,grass,https://media.api-sports.io/football/venues/1077.png
262,2024,2290,Club Queretaro,QUE,Mexico,1950.0,False,https://media.api-sports.io/football/teams/2290.png,20476.0,Estadio Corregidora,Avenida Luis Vega Monroy 409-4,Santiago de Querétaro,34130.0,grass,https://media.api-sports.io/football/venues/20476.png
262,2024,2291,Puebla,PUE,Mexico,1944.0,False,https://media.api-sports.io/football/teams/2291.png,1082.0,Estadio Cuauhtémoc,"Calle Calzada Ignacio Zaragoza, Colonia Unidad Deportiva Puebla",Puebla,51726.0,grass,https://media.api-sports.io/football/venues/1082.png
262,2024,2292,Pachuca,PAC,Mexico,1901.0,False,https://media.api-sports.io/football/teams/2292.png,1081.0,Estadio Hidalgo,Boulevard Felipe Angeles,Pachuca de Soto,30000.0,grass,https://media.api-sports.io/football/venues/1081.png
262,2024,2295,Cruz Azul,CRU,Mexico,1927.0,False,https://media.api-sports.io/football/teams/2295.png,1069.0,Estadio Azteca,"Calzada de Tlalpan 3665, Coyoacán",D.F.,106187.0,grass,https://media.api-sports.io/football/venues/1069.png
262,2024,2298,FC Juarez,,Mexico,2015.0,False,https://media.api-sports.io/football/teams/2298.png,1845.0,Estadio Olímpico Benito Juárez,Avenida Heroico Colegio Militar,Ciudad Juárez,22300.0,grass,https://media.api-sports.io/football/venues/1845.png
262,2024,2314,Atletico San Luis,ASL,Mexico,2013.0,False,https://media.api-sports.io/football/teams/2314.png,1795.0,Estadio Alfonso Lastras Ramírez,Avenida Malaquita 1030,San Luis Potosí,26400.0,grass,https://media.api-sports.io/football/venues/1795.png
262,2024,14002,Mazatlán,,Mexico,2020.0,False,https://media.api-sports.io/football/teams/14002.png,20435.0,Estadio El Encanto,"Av. Munich Fraccionamiento Pradera Dorada, Nuevo Cajeme",Mazatlán,25000.0,grass,https://media.api-sports.io/football/venues/20435.png
207,2024,551,FC Basel 1893,BAS,Switzerland,1893.0,False,https://media.api-sports.io/football/teams/551.png,1530.0,St. Jakob-Park,Sankt Jakob-Strasse 395,Basel,37994.0,grass,https://media.api-sports.io/football/venues/1530.png
207,2024,565,BSC Young Boys,YOU,Switzerland,1898.0,False,https://media.api-sports.io/football/teams/565.png,10500.0,Stadion Wankdorf,Papiermühlestrasse 71,Bern,31700.0,artificial turf,https://media.api-sports.io/football/venues/10500.png
207,2024,606,FC Lugano,LUG,Switzerland,1908.0,False,https://media.api-sports.io/football/teams/606.png,1536.0,Stadio di Cornaredo,Via Trevano 100,Lugano,5476.0,grass,https://media.api-sports.io/football/venues/1536.png
207,2024,630,FC Sion,SIO,Switzerland,1909.0,False,https://media.api-sports.io/football/teams/630.png,1542.0,Stade de Tourbillon,"38, rue des Echutes",Sion,14283.0,grass,https://media.api-sports.io/football/venues/1542.png
207,2024,644,FC Luzern,LUZ,Switzerland,1901.0,False,https://media.api-sports.io/football/teams/644.png,1537.0,swissporarena,Horwerstrasse 34,Luzern,16490.0,grass,https://media.api-sports.io/football/venues/1537.png
207,2024,783,FC Zurich,ZUR,Switzerland,1896.0,False,https://media.api-sports.io/football/teams/783.png,1533.0,Stadion Letzigrund,Badenerstrasse 500,Zürich,26114.0,grass,https://media.api-sports.io/football/venues/1533.png
207,2024,1011,FC ST. Gallen,GAL,Switzerland,1879.0,False,https://media.api-sports.io/football/teams/1011.png,1543.0,kybunpark,Zürcher Strasse 464,St. Gallen,20029.0,grass,https://media.api-sports.io/football/venues/1543.png
207,2024,1013,Grasshoppers,GRA,Switzerland,1886.0,False,https://media.api-sports.io/football/teams/1013.png,1533.0,Stadion Letzigrund,Badenerstrasse 500,Zürich,26114.0,grass,https://media.api-sports.io/football/venues/1533.png
207,2024,1014,Lausanne,LAU,Switzerland,1896.0,False,https://media.api-sports.io/football/teams/1014.png,11917.0,Stade de la Tuilière,Route de Romanel 10,Lausanne,13132.0,artificial turf,https://media.api-sports.io/football/venues/11917.png
207,2024,2177,FC Aarau,AAR,Switzerland,1902.0,False,https://media.api-sports.io/football/teams/2177.png,1531.0,Stadion Brügglifeld,Brügglifeldweg,Aarau,8450.0,grass,https://media.api-sports.io/football/venues/1531.png
207,2024,2180,FC Winterthur,WIN,Switzerland,1896.0,False,https://media.api-sports.io/football/teams/2180.png,1547.0,Stadion Schützenwiese,Rennweg 5,Winterthur,8700.0,grass,https://media.api-sports.io/football/venues/1547.png
207,2024,2184,Servette FC,SER,Switzerland,1890.0,False,https://media.api-sports.io/football/teams/2184.png,1541.0,Stade de Genève,"16, route des Jeunes",Lancy,28229.0,grass,https://media.api-sports.io/football/venues/1541.png
207,2024,6653,Yverdon Sport,YVE,Switzerland,1948.0,False,https://media.api-sports.io/football/teams/6653.png,4859.0,Stade Municipal,Rue des Pêcheurs,Yverdon-les-Bains,5100.0,grass,https://media.api-sports.io/football/venues/4859.png
98,2024,279,Consadole Sapporo,SAP,Japan,1935.0,False,https://media.api-sports.io/football/teams/279.png,21807.0,Daiwa House Premist Dome,"1-3 Hitsujigaoka, Toyohira-ku",Sapporo,53845.0,grass,https://media.api-sports.io/football/venues/21807.png
98,2024,280,Jubilo Iwata,IWA,Japan,1970.0,False,https://media.api-sports.io/football/teams/280.png,963.0,Yamaha Stadium,2500 Shingai,Iwata,15165.0,grass,https://media.api-sports.io/football/venues/963.png
98,2024,281,Kashiwa Reysol,KAS,Japan,1940.0,False,https://media.api-sports.io/football/teams/281.png,965.0,SANKYO FRONTIER Kashiwa Stadium,"1-2-50 Kashiwa, Chiba",Kashiwa,15900.0,grass,https://media.api-sports.io/football/venues/965.png
98,2024,282,Sanfrecce Hiroshima,HIR,Japan,1938.0,False,https://media.api-sports.io/football/teams/282.png,20557.0,Edion Peace Wing Hiroshima,"Motomachi, Naka Ward",Hiroshima,28520.0,grass,https://media.api-sports.io/football/venues/20557.png
98,2024,284,Shonan Bellmare,SHO,Japan,1968.0,False,https://media.api-sports.io/football/teams/284.png,21809.0,Lemon Gas Stadium Hiratsuka,1-1 Ohara,Hiratsuka,15380.0,grass,https://media.api-sports.io/football/venues/21809.png
98,2024,287,Urawa,URA,Japan,1950.0,False,https://media.api-sports.io/football/teams/287.png,980.0,Saitama Stadium 2002,"500 Nakanoda, Midori-ku",Saitama,65000.0,grass,https://media.api-sports.io/football/venues/980.png
98,2024,288,Nagoya Grampus,NAG,Japan,1939.0,False,https://media.api-sports.io/football/teams/288.png,972.0,Toyota Stadium,7-2 Sengoku-cho,Toyota,45000.0,grass,https://media.api-sports.io/football/venues/972.png
98,2024,289,Vissel Kobe,KOB,Japan,1966.0,False,https://media.api-sports.io/football/teams/289.png,984.0,NOEVIR Stadium Kobe,"1-2-2 Misaki-cho, Hyogo-ku",Kobe,30132.0,grass,https://media.api-sports.io/football/venues/984.png
98,2024,290,Kashima,KAS,Japan,1991.0,False,https://media.api-sports.io/football/teams/290.png,964.0,Kashima Soccer Stadium,"26-2 Ushiroyama, Jinkoji",Kashima,40728.0,grass,https://media.api-sports.io/football/venues/964.png
98,2024,291,Cerezo Osaka,COS,Japan,1957.0,False,https://media.api-sports.io/football/teams/291.png,11583.0,Yodoko Sakura Stadium,1-1 Nagaikoen,Osaka,24481.0,grass,https://media.api-sports.io/football/venues/11583.png
98,2024,292,FC Tokyo,TOK,Japan,1935.0,False,https://media.api-sports.io/football/teams/292.png,960.0,Ajinomoto Stadium,"376-3 Nishi-machi, Chōfu-shi",Chōfu,48955.0,grass,https://media.api-sports.io/football/venues/960.png
98,2024,293,Gamba Osaka,GOS,Japan,1980.0,False,https://media.api-sports.io/football/teams/293.png,18623.0,Panasonic Stadium Suita,"Senribanpakukōen, 3",Suita,40322.0,grass,https://media.api-sports.io/football/venues/18623.png
98,2024,294,Kawasaki Frontale,KAW,Japan,1955.0,False,https://media.api-sports.io/football/teams/294.png,20516.0,Uvance Todoroki Stadium by Fujitsu,"1-1 Todoroki, Nakahara-ku",Kawasaki,27495.0,grass,https://media.api-sports.io/football/venues/20516.png
98,2024,295,Sagan Tosu,TOS,Japan,1987.0,False,https://media.api-sports.io/football/teams/295.png,974.0,Ekimae Real Estate Stadium,812 Kyo-machi,Tosu,24130.0,grass,https://media.api-sports.io/football/venues/974.png
98,2024,296,Yokohama F. Marinos,YOK,Japan,1972.0,False,https://media.api-sports.io/football/teams/296.png,985.0,Nissan Stadium,"3302-5 Kozukue, Kohoku-ku",Yokohama,72327.0,grass,https://media.api-sports.io/football/venues/985.png
98,2024,302,Kyoto Sanga,KYO,Japan,1922.0,False,https://media.api-sports.io/football/teams/302.png,967.0,Sanga Stadium by Kyocera,Oiwakecho,Kameoka,21600.0,grass,https://media.api-sports.io/football/venues/967.png
98,2024,303,Machida Zelvia,,Japan,1977.0,False,https://media.api-sports.io/football/teams/303.png,968.0,Machida Gion Stadium,"Tsuda Matino 2035, Machida",Tokyo,15489.0,grass,https://media.api-sports.io/football/venues/968.png
98,2024,306,Tokyo Verdy,VER,Japan,1969.0,False,https://media.api-sports.io/football/teams/306.png,960.0,Ajinomoto Stadium,"376-3 Nishi-machi, Chōfu-shi",Chōfu,48955.0,grass,https://media.api-sports.io/football/venues/960.png
98,2024,311,Albirex Niigata,ALB,Japan,1955.0,False,https://media.api-sports.io/football/teams/311.png,952.0,Denka Big Swan Stadium,"Gorou Kiyoshi 67, Chuo-ku",Niigata,41684.0,grass,https://media.api-sports.io/football/venues/952.png
98,2024,316,Avispa Fukuoka,FUK,Japan,1982.0,False,https://media.api-sports.io/football/teams/316.png,20417.0,Best Denki Stadium,"1-1 Higashihirao Koen, Hakata-ku",Fukuoka,22331.0,grass,https://media.api-sports.io/football/venues/20417.png
290,2024,2703,Aluminium Arak,,Iran,,False,https://media.api-sports.io/football/teams/2703.png,1738.0,Imam Khomeini Stadium,,Arak,15000.0,grass,https://media.api-sports.io/football/venues/1738.png
290,2024,2706,Mes Rafsanjan,RAF,Iran,,False,https://media.api-sports.io/football/teams/2706.png,19369.0,Shohada Mes Rafsanjan Stadium,,Rafsanjan,10000.0,grass,https://media.api-sports.io/football/venues/19369.png
290,2024,2714,Gol Gohar,SIR,Iran,,False,https://media.api-sports.io/football/teams/2714.png,11524.0,Gol Gohar Sport Complex,,Sirjan,5000.0,grass,https://media.api-sports.io/football/venues/11524.png
290,2024,2716,Kheybar Khorramabad,,Iran,1984.0,False,https://media.api-sports.io/football/teams/2716.png,2755.0,Takhti Stadium,,Khorramabad,20000.0,grass,https://media.api-sports.io/football/venues/2755.png
290,2024,2717,Malavan,MAL,Iran,1969.0,False,https://media.api-sports.io/football/teams/2717.png,849.0,Takhti Stadium (Ebtedaye khiabane),Pishgah Hadian Sports Complex,Bandar-e-Anzalī,15559.0,grass,https://media.api-sports.io/football/venues/849.png
290,2024,2719,Nassaji Mazandaran,MAZ,Iran,,False,https://media.api-sports.io/football/teams/2719.png,853.0,Vatani Stadium,,Ghaemshahr,15000.0,grass,https://media.api-sports.io/football/venues/853.png
290,2024,2733,Esteghlal FC,EST,Iran,1945.0,False,https://media.api-sports.io/football/teams/2733.png,845.0,Azadi Stadium,Azadi Stadium Boulevard,Teheran,100000.0,grass,https://media.api-sports.io/football/venues/845.png
290,2024,2734,Foolad FC,FOO,Iran,1986.0,False,https://media.api-sports.io/football/teams/2734.png,19310.0,Shohadaye Foolad Khoozestan,,Ahvaz,30655.0,grass,https://media.api-sports.io/football/venues/19310.png
290,2024,2737,Tractor Sazi,TER,Iran,1970.0,False,https://media.api-sports.io/football/teams/2737.png,848.0,Bonyan Diesel Stadium,,Tabriz,12000.0,grass,https://media.api-sports.io/football/venues/848.png
290,2024,2738,ZOB Ahan,AHA,Iran,1969.0,False,https://media.api-sports.io/football/teams/2738.png,21439.0,Foolad Shahr Stadium,,Fuladshahr,20000.0,grass,https://media.api-sports.io/football/venues/21439.png
290,2024,2739,Esteghlal Khuzestan,EST,Iran,2011.0,False,https://media.api-sports.io/football/teams/2739.png,20462.0,Foolad Sport Complex,Pourandokht Street,Ahwaz,3000.0,grass,https://media.api-sports.io/football/venues/20462.png
290,2024,2742,Persepolis FC,PER,Iran,1963.0,False,https://media.api-sports.io/football/teams/2742.png,845.0,Azadi Stadium,Azadi Stadium Boulevard,Teheran,100000.0,grass,https://media.api-sports.io/football/venues/845.png
290,2024,2744,Sepahan FC,SEP,Iran,1953.0,False,https://media.api-sports.io/football/teams/2744.png,857.0,Naghsh-e-Jahan Stadium,"Kavah Street, 10th Kilometer",Isfahan,75000.0,grass,https://media.api-sports.io/football/venues/857.png
290,2024,15541,Havadar,,Iran,2020.0,False,https://media.api-sports.io/football/teams/15541.png,855.0,Shahid Dastgerdi Stadium,"Mokhaberat Street, Ekbatan",Teheran,8250.0,grass,https://media.api-sports.io/football/venues/855.png
290,2024,18159,Shams Azar Qazvin,,Iran,,False,https://media.api-sports.io/football/teams/18159.png,12591.0,Sardare Azadegan Stadium,,Qazvin,15000.0,grass,https://media.api-sports.io/football/venues/12591.png
290,2024,20299,Chadormalu SC,,Iran,,False,https://media.api-sports.io/football/teams/20299.png,2754.0,Nasiri Stadium,,Yazd,30000.0,grass,https://media.api-sports.io/football/venues/2754.png
